{
  "split": "test",
  "weights": "outputs\\resnet_uni\\resnet18_best2.pth",
  "num_classes": 6,
  "in_channels": 1,
  "batch_size": 64,
  "accuracy": 0.35845639453886874,
  "per_class_accuracy": [
    0.31419624217118997,
    0.0,
    0.3291015625,
    0.9086809470124013,
    0.2303325223033252,
    0.03127506014434643
  ]
}